{
    "sas-blog": {
        "detail": {
            "meta": {
                "author": "Author",
                "category": "Categories"
            }
        },
        "element": {
            "detail": {
                "warning": {
                    "heading": "Error while loading the detail page",
                    "content": "There seems to be an issue while loading the blog detail page. Maybe you have the Blog detail CMS element within the same page as the Blog listing CMS element?"
                }
            },
            "singleSelect": {
                "emptyResult": "No blog entry was chosen"
            }
        },
        "box": {
            "author": {
                "countEntries": "Entries"
            }
        },
        "listing": {
            "readMoreLabel": "read more",
            "emptyResultMessage": "We couldn't find any results for your search request",
            "filterPanelResetAll": "Reset",
            "filterBlogCategoriesDisplayName": "Categories",
            "filterBlogAuthorDisplayName": "Author"
        },
        "search": {
            "tabs": {
                "product": "Product",
                "blog": "Blog"
            },
            "in": "In",
            "searchAllResults": "Show all blogs search result",
            "searchResults": "{1} 1 Entry|]1,Inf[ %count% Entries",
            "emptyResult": "No blog entries found with the request keyword",
            "headline": "{0} 0 blogs found for \"%searchTerm%\" | {1} One blog found for \"%searchTerm%\" | ]1,Inf[ %count% blogs found for \"%searchTerm%\""
        }
    },
    "header": {
        "searchAllResults": "Show all products search result",
        "searchPlaceholder": "Search products, blog entries, authors"
    }
}
